ALABAMA,-1,Jeff Sessions,republican,795606
ALABAMA,-1,write-in,write-in,22484
ALABAMA,1,Bradley Byrne,Republican,103758
ALABAMA,1,Burton R. LeFlore,Democrat,48278
ALABAMA,1,Write-in,Write-in,198
ALABAMA,2,Martha Roby,Republican,113103
ALABAMA,2,Erick Wright,Democrat,54692
ALABAMA,2,Write-in,Write-in,157
ALABAMA,3,Mike Rogers,Republican,103558
ALABAMA,3,Jesse T. Smith,Democrat,52816
ALABAMA,3,Write-in,Write-in,246
ALABAMA,4,Robert B. Aderholt,Republican,132831
ALABAMA,4,Write-in,Write-in,1921
ALABAMA,5,Mo Brooks,Republican,115338
ALABAMA,5,Mark Bray,Independent,39005
ALABAMA,5,Write-in,Write-in,631
ALABAMA,6,Gary Palmer,Republican,135945
ALABAMA,6,Mark Lester,Democrat,42291
ALABAMA,6,Write-in,Write-in,213
ALABAMA,7,Terri A. Sewell,Democrat,133687
ALABAMA,7,Write-in,Write-in,2212
ALASKA,-1,Dan Sullivan,republican,135445
ALASKA,-1,Mark Begich,democrat,129431
ALASKA,-1,Mark S. Fish,libertarian,10512
ALASKA,-1,Ted Gianoutsos,nonaffiliated,5636
ALASKA,-1,write-in,write-in,1376
ALASKA,0,Don Young,Republican,142572
ALASKA,0,Forrest Dunbar,Democrat,114602
ALASKA,0,Jim C. McDermott,Libertarian,21290
ALASKA,0,Write-in,Write-in,1277
ARIZONA,1,Andy Tobin,Republican,87723
ARIZONA,1,Ann Kirkpatrick,Democrat,97391
ARIZONA,2,Martha McSally,Republican,109704
ARIZONA,2,Ron Barber,Democrat,109543
ARIZONA,2,Write-in (None),Write-in (None),56
ARIZONA,2,Write-in (Republican),Write-in (Republican),48
ARIZONA,3,Gabby Saucedo Mercer,Republican,46185
ARIZONA,3,Raúl M. Grijalva,Democrat,58192
ARIZONA,3,Write-in (Independent),Write-in (Independent),43
ARIZONA,3,Write-in (Marketing Managers),Write-in (Marketing Managers),8
ARIZONA,4,Paul A. Gosar,Republican,122560
ARIZONA,4,Mike Weisser,Democrat,45179
ARIZONA,4,Chris Rike,Libertarian,7440
ARIZONA,5,Matt Salmon,Republican,124867
ARIZONA,5,James Woods,Democrat,54596
ARIZONA,6,David Schweikert,Republican,129578
ARIZONA,6,W. John Williamson,Democrat,70198
ARIZONA,7,Ruben Gallego,Democrat,54235
ARIZONA,7,Joe Cobb,Libertarian,10715
ARIZONA,7,Rebecca DeWitt Americans,Americans Elect,3858
ARIZONA,7,José Peñalosa José,José Peñalosa,3496
ARIZONA,7,Write-in (Republican),Write-in (Republican),129
ARIZONA,7,Write-in (Democrat),Write-in (Democrat),17
ARIZONA,7,Write-in (Independent),Write-in (Independent),4
ARIZONA,8,Trent Franks,Republican,128710
ARIZONA,8,Stephen Dolgos Americans,Americans Elect,41066
ARIZONA,9,Wendy Rogers,Republican,67841
ARIZONA,9,Kyrsten Sinema,Democrat,88609
ARIZONA,9,Powell Gammill,Libertarian,5612
ARKANSAS,-1,Tom Cotton,republican,478819
ARKANSAS,-1,Mark L. Pryor,democrat,334174
ARKANSAS,-1,Nathan LaFrance,libertarian,17210
ARKANSAS,-1,Mark H. Swaney,green,16797
ARKANSAS,-1,write-in,write-in,505
ARKANSAS,1,Eric A. “Rick” Crawford,Republican,124139
ARKANSAS,1,Jackie McPherson,Democrat,63555
ARKANSAS,1,Brian Scott Willhite,Libertarian,8562
ARKANSAS,2,French Hill,Republican,123073
ARKANSAS,2,Patrick Henry Hays,Democrat,103477
ARKANSAS,2,Debbie Standiford,Libertarian,10590
ARKANSAS,2,Write-in,Write-in,190
ARKANSAS,3,Steve Womack,Republican,151630
ARKANSAS,3,Grant Brand,Libertarian,39305
ARKANSAS,4,Bruce Westerman,Republican,110789
ARKANSAS,4,James Lee Witt,Democrat,87742
ARKANSAS,4,Ken Hamilton,Libertarian,7598
ARKANSAS,4,Write-in,Write-in,2
CALIFORNIA,1,Doug LaMalfa,Republican,132052
CALIFORNIA,1,Heidi Hall,Democrat,84320
CALIFORNIA,2,Dale K. Mensing,Republican,54400
CALIFORNIA,2,Jared Huffman,Democrat,163124
CALIFORNIA,3,Dan Logue,Republican,71036
CALIFORNIA,3,John Garamendi,Democrat,79224
CALIFORNIA,4,Tom McClintock,Republican,126784
CALIFORNIA,4,Arthur “Art” Moore,Republican,84350
CALIFORNIA,5,Mike Thompson,Democrat,129613
CALIFORNIA,5,James Hinton No Party,No Party Preference,41535
CALIFORNIA,6,Joseph McCray Sr.,Republican,36448
CALIFORNIA,6,Doris O. Matsui,Democrat,97008
CALIFORNIA,7,Doug Ose,Republican,91066
CALIFORNIA,7,Ami Bera,Democrat,92521
CALIFORNIA,8,Paul Cook,Republican,77480
CALIFORNIA,8,Bob Conaway,Democrat,37056
CALIFORNIA,9,Antonio C. “Tony” Amador,Republican,57729
CALIFORNIA,9,Jerry McNerney,Democrat,63475
CALIFORNIA,10,Jeff Denham,Republican,70582
CALIFORNIA,10,Michael Eggman,Democrat,55123
CALIFORNIA,11,Tue Phan,Republican,57160
CALIFORNIA,11,Mark DeSaulnier,Democrat,117502
CALIFORNIA,12,John Dennis,Republican,32197
CALIFORNIA,12,Nancy Pelosi,Democrat,160067
CALIFORNIA,13,Dakin Sundeen,Republican,21940
CALIFORNIA,13,Barbara Lee,Democrat,168491
CALIFORNIA,14,Robin Chew,Republican,34757
CALIFORNIA,14,Jackie Speier,Democrat,114389
CALIFORNIA,15,Hugh Bussell,Republican,43150
CALIFORNIA,15,Eric Swalwell,Democrat,99756
CALIFORNIA,16,Johnny Tacherra,Republican,44943
CALIFORNIA,16,Jim Costa,Democrat,46277
CALIFORNIA,17,Michael M. Honda,Democrat,69561
CALIFORNIA,17,Ro Khanna,Democrat,64847
CALIFORNIA,18,Richard B. Fox,Republican,63326
CALIFORNIA,18,Anna G. Eshoo,Democrat,133060
CALIFORNIA,19,Zoe Lofgren,Democrat,85888
CALIFORNIA,19,Robert Murray,Democrat,41900
CALIFORNIA,20,Sam Farr,Democrat,106034
CALIFORNIA,20,Ronald Paul Kabat No Party,No Party Preference,35010
CALIFORNIA,21,David G. Valadao,Republican,45907
CALIFORNIA,21,Amanda Renteria,Democrat,33470
CALIFORNIA,22,Devin Nunes,Republican,96053
CALIFORNIA,22,Suzanna “Sam” Aguilera-Marrero,Democrat,37289
CALIFORNIA,23,Kevin McCarthy,Republican,100317
CALIFORNIA,23,Raul Garcia,Democrat,33726
CALIFORNIA,24,Chris Mitchum,Republican,95566
CALIFORNIA,24,Lois Capps,Democrat,103228
CALIFORNIA,25,Steve Knight,Republican,60847
CALIFORNIA,25,Tony Strickland,Republican,53225
CALIFORNIA,26,Jeff Gorell,Republican,82653
CALIFORNIA,26,Julia Brownley,Democrat,87176
CALIFORNIA,27,Jack Orswell,Republican,51852
CALIFORNIA,27,Judy Chu,Democrat,75728
CALIFORNIA,28,Adam B. Schiff,Democrat,91996
CALIFORNIA,28,Steve Stokes No Party,No Party Preference,28268
CALIFORNIA,29,William O’Callaghan Leader,Republican,17045
CALIFORNIA,29,Tony Cárdenas,Democrat,50096
CALIFORNIA,30,Mark S. Reed,Republican,45315
CALIFORNIA,30,Brad Sherman,Democrat,86568
CALIFORNIA,31,Paul Chabot,Republican,48162
CALIFORNIA,31,Pete Aguilar,Democrat,51622
CALIFORNIA,32,Arturo Enrique Alas,Republican,34053
CALIFORNIA,32,Grace F. Napolitano,Democrat,50353
CALIFORNIA,33,Elan Carr,Republican,74700
CALIFORNIA,33,Ted Lieu,Democrat,108331
CALIFORNIA,34,Xavier Becerra,Democrat,44697
CALIFORNIA,34,Adrienne Nicole Edwards,Democrat,16924
CALIFORNIA,35,Norma J. Torres,Democrat,39502
CALIFORNIA,35,Christina Gagnier,Democrat,22753
CALIFORNIA,36,Brian Nestande,Republican,61457
CALIFORNIA,36,Raul Ruiz,Democrat,72682
CALIFORNIA,37,R. Adam King,Republican,18051
CALIFORNIA,37,Karen Bass,Democrat,96787
CALIFORNIA,38,Benjamin Campos,Republican,40288
CALIFORNIA,38,Linda T. Sánchez,Democrat,58192
CALIFORNIA,39,Edward R. Royce,Republican,91319
CALIFORNIA,39,Peter O. Anderson,Democrat,41906
CALIFORNIA,40,Lucille Roybal-Allard,Democrat,30208
CALIFORNIA,40,David Sanchez,Democrat,19171
CALIFORNIA,41,Steve Adams,Republican,35936
CALIFORNIA,41,Mark Takano,Democrat,46948
CALIFORNIA,42,Ken Calvert,Republican,74540
CALIFORNIA,42,Tim Sheridan,Democrat,38850
CALIFORNIA,43,John Wood Jr.,Republican,28521
CALIFORNIA,43,Maxine Waters,Democrat,69681
CALIFORNIA,44,Janice Hahn,Democrat,59670
CALIFORNIA,44,Adam Shbeita Peace and,Peace and Freedom,9192
CALIFORNIA,45,Mimi Walters,Republican,106083
CALIFORNIA,45,Drew E. Leavens,Democrat,56819
CALIFORNIA,46,Adam Nick,Republican,33577
CALIFORNIA,46,Loretta Sanchez,Democrat,49738
CALIFORNIA,47,Andy Whallon,Republican,54309
CALIFORNIA,47,Alan S. Lowenthal,Democrat,69091
CALIFORNIA,48,Dana Rohrabacher,Republican,112082
CALIFORNIA,48,Suzanne Joyce Savary,Democrat,62713
CALIFORNIA,49,Darrell E. Issa,Republican,98161
CALIFORNIA,49,Dave Peiser,Democrat,64981
CALIFORNIA,50,Duncan Hunter,Republican,111997
CALIFORNIA,50,James H. Kimber,Democrat,45302
CALIFORNIA,51,Stephen Meade,Republican,25577
CALIFORNIA,51,Juan Vargas,Democrat,56373
CALIFORNIA,52,Carl DeMaio,Republican,92746
CALIFORNIA,52,Scott H. Peters,Democrat,98826
CALIFORNIA,53,Larry A. Wilske,Republican,60940
CALIFORNIA,53,Susan A. Davis,Democrat,87104
COLORADO,-1,Cory Gardner,republican,983891
COLORADO,-1,Mark Udall,democrat,944203
COLORADO,-1,Gaylon Kent,libertarian,52876
COLORADO,-1,Steve Shogan,unaffiliated,29472
COLORADO,-1,Raúl Acosta,unaffiliated,24151
COLORADO,-1,Bill Hammons Unity Party of,colorado,6427
COLORADO,-1,write-in,write-in,21
COLORADO,-1,write-in,write-in,17
COLORADO,1,Martin Walsh,Republican,80682
COLORADO,1,Diana DeGette,Democrat,183281
COLORADO,1,Frank Atwood,Libertarian,9292
COLORADO,1,Danny E. Stroud,Unaffiliated,5236
COLORADO,1,Write-in,Write-in,2
COLORADO,1,Write-in,Write-in,1
COLORADO,2,George Leing,Republican,149645
COLORADO,2,Jared Polis,Democrat,196300
COLORADO,3,Scott R. Tipton,Republican,163011
COLORADO,3,Abel J. Tapia,Democrat,100364
COLORADO,3,Tisha T. Casida,Unaffiliated,11294
COLORADO,3,Travis Mero,Libertarian,6472
COLORADO,4,Ken Buck,Republican,185292
COLORADO,4,Vic Meyers,Democrat,83727
COLORADO,4,Jess Loban,Libertarian,9472
COLORADO,4,Grant Doherty,Unaffiliated,8016
COLORADO,5,Doug Lamborn,Republican,157182
COLORADO,5,Irv Halter,Democrat,105673
COLORADO,6,Mike Coffman,Republican,143467
COLORADO,6,Andrew Romanoff,Democrat,118847
COLORADO,6,Norm Olsen,Libertarian,8623
COLORADO,6,Gary Swing,Green,5503
COLORADO,7,Don Ytterberg,Republican,120918
COLORADO,7,Ed Perlmutter,Democrat,148225
CONNECTICUT,1,Matthew M. Corey,Republican,78609
CONNECTICUT,1,John B. Larson,Democrat,127430
CONNECTICUT,1,Working,Working Families,8395
CONNECTICUT,1,Jeffery Russell,Green,3447
CONNECTICUT,2,Lori Hopkins-Cavanagh,Republican,80837
CONNECTICUT,2,Joe Courtney,Democrat,131294
CONNECTICUT,2,Working,Working Families,10654
CONNECTICUT,2,Daniel Reale,Libertarian,2602
CONNECTICUT,2,William C. Clyde,Green,2549
CONNECTICUT,3,James E. Brown,Republican,69454
CONNECTICUT,3,Rosa L. DeLauro,Democrat,130009
CONNECTICUT,3,Working,Working Families,10476
CONNECTICUT,4,Dan Debicella,Republican,88209
CONNECTICUT,4,,Independent,3713
CONNECTICUT,4,James A. Himes,Democrat,101401
CONNECTICUT,4,Working,Working Families,5472
CONNECTICUT,4,Write-in,Write-in,3
CONNECTICUT,4,Write-in,Write-in,2
CONNECTICUT,5,Mark Greenberg,Republican,92404
CONNECTICUT,5,,Independent,5363
CONNECTICUT,5,Elizabeth H. Esty,Democrat,106256
CONNECTICUT,5,Working,Working Families,7308
CONNECTICUT,5,John J. Pistone Petitioning,Petitioning Candidate,1970
DELAWARE,-1,Kevin Wade,republican,98823
DELAWARE,-1,Christopher A. Coons,democrat,130655
DELAWARE,-1,Andrew Groff,green,4560
DELAWARE,0,Rose Izzo,Republican,85146
DELAWARE,0,John C. Carney Jr.,Democrat,137251
DELAWARE,0,Bernard August,Green,4801
DELAWARE,0,Scott Gesty,Libertarian,4419
FLORIDA,1,Jeff Miller,Republican,165086
FLORIDA,1,Jim Bryan,Democrat,54976
FLORIDA,1,Mark Wichern No Party,No Party Affiliation,15281
FLORIDA,2,Steve Southerland II,Republican,123262
FLORIDA,2,Gwen Graham,Democrat,126096
FLORIDA,2,Write-in,Write-in,422
FLORIDA,3,Ted S. Yoho,Republican,148691
FLORIDA,3,Marihelen Wheeler,Democrat,73910
FLORIDA,3,Howard Term Limits Lawson No Party,No Party Affiliation,6208
FLORIDA,4,Ander Crenshaw,Republican,177887
FLORIDA,4,Paula Moser-Bartlett No Party,No Party Affiliation,35663
FLORIDA,4,Gary L. Koniz No Party,No Party Affiliation,13690
FLORIDA,4,Write-in,Write-in,13
FLORIDA,5,Glo Smith,Republican,59237
FLORIDA,5,Corrine Brown,Democrat,112340
FLORIDA,6,Ron DeSantis,Republican,166254
FLORIDA,6,David Cox,Democrat,99563
FLORIDA,7,John L. Mica,Republican,144474
FLORIDA,7,Wes Neuman,Democrat,73011
FLORIDA,7,Al Krulick No Party,No Party Affiliation,9679
FLORIDA,8,Bill Posey,Republican,180728
FLORIDA,8,Gabriel Rothblatt,Democrat,93724
FLORIDA,8,Write-in,Write-in,61
FLORIDA,9,Carol Platt,Republican,74963
FLORIDA,9,Alan Grayson,Democrat,93850
FLORIDA,9,Marko Milakovich No Party,No Party Affiliation,5060
FLORIDA,9,Write-in,Write-in,5
FLORIDA,10,Daniel Webster,Republican,143128
FLORIDA,10,Michael McKenna,Democrat,89426
FLORIDA,10,Write-in,Write-in,20
FLORIDA,11,Richard B. Nugent,Republican,181508
FLORIDA,11,Dave Koller,Democrat,90786
FLORIDA,12,David W. Jolly,Republican,168172
FLORIDA,12,Lucas Overby Libertarian Party of,Libertarian Party of Florida,55318
FLORIDA,12,Write-in,Write-in,86
FLORIDA,13,Dennis A. Ross,Republican,128750
FLORIDA,13,Alan M. Cohn,Democrat,84832
FLORIDA,14,Vern Buchanan,Republican,169126
FLORIDA,14,Henry Lawrence,Democrat,105483
FLORIDA,14,Write-in,Write-in,220
FLORIDA,15,Thomas J. Rooney,Republican,141493
FLORIDA,15,Will Bronson,Democrat,82263
FLORIDA,16,Carl J. Domino,Republican,101896
FLORIDA,16,Patrick Murphy,Democrat,151478
FLORIDA,17,Curt Clawson,Republican,159354
FLORIDA,17,April Freeman,Democrat,80824
FLORIDA,17,Ray Netherwood Libertarian Party of,Libertarian Party of Florida,6671
FLORIDA,17,Write-in,Write-in,12
FLORIDA,18,Jay Bonner,Republican,28968
FLORIDA,18,Alcee L. Hastings,Democrat,128498
FLORIDA,19,Theodore E. Deutch,Democrat,153395
FLORIDA,19,Write-in,Write-in,575
FLORIDA,20,Paul Spain,Republican,90685
FLORIDA,20,Lois Frankel,Democrat,125404
FLORIDA,20,Write-in,Write-in,7
FLORIDA,21,Joseph “Joe” Kaufman,Republican,61519
FLORIDA,21,Debbie Wasserman Schultz,Democrat,103269
FLORIDA,22,Dufirstson Julio Neree,Republican,15239
FLORIDA,22,Frederica S. Wilson,Democrat,129192
FLORIDA,22,Luis E. Fernandez No Party,No Party Affiliation,5487
FLORIDA,23,Carlos Curbelo,Republican,83031
FLORIDA,23,Joe Garcia,Democrat,78306
FLORIDA,24,Ileana Ros-Lehtinen,Republican,-1
GEORGIA,-1,David A. Perdue,republican,1358088
GEORGIA,-1,M. Michelle Nunn,democrat,1160811
GEORGIA,-1,Amanda C. Swafford,libertarian,48862
GEORGIA,-1,write-in,write-in,21
GEORGIA,-1,write-in,write-in,14
GEORGIA,-1,write-in,write-in,9
GEORGIA,1,E. L. “Buddy” Carter,Republican,95337
GEORGIA,1,Brian Corwin Reese,Democrat,61175
GEORGIA,2,Gregory P. “Greg” Duke,Republican,66537
GEORGIA,2,Sanford D. Bishop Jr.,Democrat,96363
GEORGIA,3,Lynn A. Westmoreland,Republican,156277
GEORGIA,4,Henry C. “Hank” Johnson Jr.,Democrat,161211
GEORGIA,4,Write-in,Write-in,109
GEORGIA,5,John Lewis,Democrat,170326
GEORGIA,6,Tom Price,Republican,139018
GEORGIA,6,Robert G. Montigel,Democrat,71486
GEORGIA,7,Rob Woodall,Republican,113557
GEORGIA,7,Thomas D. Wight,Democrat,60112
GEORGIA,8,Austin Scott,Republican,129938
GEORGIA,8,Write-in,Write-in,119
GEORGIA,9,Doug Collins,Republican,146059
GEORGIA,9,David D. Vogel,Democrat,34988
GEORGIA,10,Jody B. Hice,Republican,130703
GEORGIA,10,I. K. “Kenneth” Dious,Democrat,65777
GEORGIA,11,Barry D. Loudermilk,Republican,161532
GEORGIA,12,R. W. “Rick” Allen,Republican,91336
GEORGIA,12,John Barrow,Democrat,75478
GEORGIA,13,David Scott,Democrat,159445
GEORGIA,14,Tom Graves,Republican,118782
HAWAII,-1,Cam Cavasso,republican,98006
HAWAII,-1,Brian Schatz,democrat,246827
HAWAII,-1,Michael Kokoski,libertarian,8941
HAWAII,-1,,blank,15777
HAWAII,-1,Over,votes,152
HAWAII,1,Charles Djou,Republican,86454
HAWAII,1,Mark Takai,Democrat,93390
HAWAII,1,,Blank,2366
HAWAII,1,Over,Over Votes,58
HAWAII,2,Kawika Crowley,Republican,33630
HAWAII,2,Tulsi Gabbard,Democrat,142010
HAWAII,2,Joe Kent,Libertarian,4693
HAWAII,2,,Blank,7020
HAWAII,2,Over,Over Votes,82
IDAHO,-1,James E. Risch,republican,285596
IDAHO,-1,Nels Mitchell,democrat,151574
IDAHO,1,Raúl R. Labrador,Republican,143580
IDAHO,1,Shirley G. Ringo,Democrat,77277
IDAHO,1,Write-in,Write-in,7
IDAHO,2,Michael K. Simpson,Republican,131492
IDAHO,2,Richard Stallings,Democrat,82801
ILLINOIS,-1,James D. “Jim” Oberweis,republican,1538522
ILLINOIS,-1,Richard J. Durbin,democrat,1929637
ILLINOIS,-1,Sharon Hansen,libertarian,135316
ILLINOIS,-1,write-in,write-in,31
ILLINOIS,-1,write-in,write-in,12
ILLINOIS,-1,write-in,write-in,1
ILLINOIS,1,Jimmy Lee Tillman,Republican,59749
ILLINOIS,1,Bobby L. Rush,Democrat,162268
ILLINOIS,2,Eric M. Wallace,Republican,43799
ILLINOIS,2,Robin L. Kelly,Democrat,160337
ILLINOIS,2,Write-in,Write-in,130
ILLINOIS,3,Sharon M. Brannigan,Republican,64091
ILLINOIS,3,Daniel Lipinski,Democrat,116764
ILLINOIS,4,Hector Concepcion,Republican,22278
ILLINOIS,4,Luis V. Gutiérrez,Democrat,79666
ILLINOIS,5,Vince Kolber,Republican,56350
ILLINOIS,5,Mike Quigley,Democrat,116364
ILLINOIS,5,Nancy Wade,Green,11305
ILLINOIS,6,Peter J. Roskam,Republican,160287
ILLINOIS,6,Michael Mason,Democrat,78465
ILLINOIS,7,Robert L. Bumpers,Republican,27168
ILLINOIS,7,Danny K. Davis,Democrat,155110
ILLINOIS,8,Larry Kaifesh,Republican,66878
ILLINOIS,8,Tammy Duckworth,Democrat,84178
ILLINOIS,9,Susanne Atanus,Republican,72384
ILLINOIS,9,Janice D. Schakowsky,Democrat,141000
ILLINOIS,9,Write-in,Write-in,66
ILLINOIS,10,Robert Dold,Republican,95992
ILLINOIS,10,Bradley S. Schneider,Democrat,91136
ILLINOIS,11,Darlene Senger,Republican,81335
ILLINOIS,11,Bill Foster,Democrat,93436
ILLINOIS,11,Write-in,Write-in,1
ILLINOIS,12,Mike Bost,Republican,110038
ILLINOIS,12,William L. Enyart,Democrat,87860
ILLINOIS,12,Paula Bradshaw,Green,11840
ILLINOIS,13,Rodney Davis,Republican,123337
ILLINOIS,13,Ann E. Callis,Democrat,86935
ILLINOIS,14,Randy Hultgren,Republican,145369
ILLINOIS,14,Dennis Anderson,Democrat,76861
ILLINOIS,15,John Shimkus,Republican,166274
ILLINOIS,15,Eric Thorsland,Democrat,55652
ILLINOIS,16,Adam Kinzinger,Republican,153388
ILLINOIS,16,Randall Wayne Olsen,Democrat,63810
ILLINOIS,17,Bobby Schilling,Republican,88785
ILLINOIS,17,Cheri Bustos,Democrat,110560
ILLINOIS,17,Write-in,Write-in,16
ILLINOIS,18,Aaron Schock,Republican,184363
ILLINOIS,18,Darrel Miller,Democrat,62377
INDIANA,1,Mark Leyva,Republican,51000
INDIANA,1,Peter J. Visclosky,Democrat,86579
INDIANA,1,Donna T. Dunn,Libertarian,4714
INDIANA,2,Jackie Walorski,Republican,85583
INDIANA,2,Joe Bock,Democrat,55590
INDIANA,2,Jeff Petermann,Libertarian,4027
INDIANA,3,Marlin A. Stutzman,Republican,97892
INDIANA,3,Justin Kuhnle,Democrat,39771
INDIANA,3,Scott Wise,Libertarian,11130
INDIANA,4,Todd Rokita,Republican,94998
INDIANA,4,John Dale,Democrat,47056
INDIANA,5,Susan W. Brooks,Republican,105277
INDIANA,5,Shawn A. Denney,Democrat,49756
INDIANA,5,John Krom,Libertarian,6407
INDIANA,6,Luke Messer,Republican,102187
INDIANA,6,Susan Hall Heitzman,Democrat,45509
INDIANA,6,Eric Miller,Libertarian,7375
INDIANA,7,Catherine “Cat” Ping,Republican,46887
INDIANA,7,André Carson,Democrat,61443
INDIANA,7,Chris Mayo,Libertarian,3931
INDIANA,8,Larry Bucshon,Republican,103344
INDIANA,8,Tom Spangler,Democrat,61384
INDIANA,8,Andrew Horning,Libertarian,6587
INDIANA,9,Todd C. Young,Republican,101594
INDIANA,9,Bill Bailey,Democrat,55016
INDIANA,9,R. Mike Frey,Libertarian,6777
IOWA,-1,Joni Ernst,republican,588575
IOWA,-1,Bruce Braley,democrat,494370
IOWA,-1,Rick Stewart,independent,26815
IOWA,-1,Douglas Butzier,libertarian,8232
IOWA,-1,Bob Quast Bob Quast for Term,limits,5873
IOWA,-1,Ruth Smith Nominated by,petition,4724
IOWA,-1,write-in,write-in,1111
IOWA,1,Rod Blum,Republican,147762
IOWA,1,Pat Murphy,Democrat,141145
IOWA,1,Write-in,Write-in,399
IOWA,2,Mariannette Miller-Meeks,Republican,129455
IOWA,2,David Loebsack,Democrat,143431
IOWA,2,Write-in,Write-in,443
IOWA,3,David Young,Republican,148814
IOWA,3,Staci Appel,Democrat,119109
IOWA,3,Edward B. Wright,Libertarian,9054
IOWA,3,Bryan Jack Holder,None,4360
IOWA,3,Write-in,Write-in,729
IOWA,4,Steve King,Republican,169834
IOWA,4,Jim Mowrer,Democrat,105504
IOWA,4,Write-in,Write-in,295
KANSAS,-1,Pat Roberts,republican,460350
KANSAS,-1,Greg Orman,independent,368372
KANSAS,-1,Randall Batson,libertarian,37469
KANSAS,1,Tim Huelskamp,Republican,138764
KANSAS,1,James E. Sherow,Democrat,65397
KANSAS,2,Lynn Jenkins,Republican,128742
KANSAS,2,Margie Wakefield,Democrat,87153
KANSAS,2,Christopher Clemmons,Libertarian,9791
KANSAS,3,Kevin Yoder,Republican,134493
KANSAS,3,Kelly Kultala,Democrat,89584
KANSAS,4,Mike Pompeo,Republican,138757
KANSAS,4,Perry L. Schuckman,Democrat,69396
KENTUCKY,-1,Mitch McConnell,republican,806787
KENTUCKY,-1,Alison Lundergan Grimes,democrat,584698
KENTUCKY,-1,David M. Patterson,libertarian,44240
KENTUCKY,-1,write-in,write-in,64
KENTUCKY,-1,write-in,write-in,53
KENTUCKY,-1,write-in,write-in,17
KENTUCKY,-1,write-in,write-in,9
KENTUCKY,1,Ed Whitfield,Republican,173022
KENTUCKY,1,Charles Kendall Hatchett,Democrat,63596
KENTUCKY,2,Brett Guthrie,Republican,156936
KENTUCKY,2,Ron Leach,Democrat,69898
KENTUCKY,3,Michael Macfarlane,Republican,87981
KENTUCKY,3,John A. Yarmuth,Democrat,157056
KENTUCKY,3,Gregory Peter Puccetti,Independent,2318
KENTUCKY,4,Thomas Massie,Republican,150464
KENTUCKY,4,Peter Newberry,Democrat,71694
KENTUCKY,5,Harold Rogers,Republican,171350
KENTUCKY,5,Kenneth S. Stepp,Democrat,47617
KENTUCKY,6,Andy Barr,Republican,147404
KENTUCKY,6,Elisabeth Jensen,Democrat,98290
LOUISIANA,-1,Bill Cassidy,republican,1712379
LOUISIANA,-1,“Rob” Maness,republican,202556
LOUISIANA,-1,Thomas Clements,republican,14173
LOUISIANA,-1,Mary L. Landrieu,democrat,1561210
LOUISIANA,-1,Wayne Ables,democrat,11323
LOUISIANA,-1,William P. Waymire Jr.,democrat,4673
LOUISIANA,-1,Vallian Senegal,democrat,3835
LOUISIANA,-1,Brannon Lee McMorris,libertarian,13034
LOUISIANA,1,Steve Scalise,Republican,189250
LOUISIANA,1,M. V. “Vinny” Mendoza,Democrat,24761
LOUISIANA,1,Lee A. Dugas,Democrat,21286
LOUISIANA,1,Jeffry “Jeff” Sanford,Libertarian,8707
LOUISIANA,2,Cedric L. Richmond,Democrat,152201
LOUISIANA,2,Gary Landrieu,Democrat,37805
LOUISIANA,2,David Brooks No,No Party,16327
LOUISIANA,2,Samuel Davenport,Libertarian,15237
LOUISIANA,3,Charles W. Boustany Jr.,Republican,185867
LOUISIANA,3,Bryan Barrilleaux,Republican,22059
LOUISIANA,3,Russell Richard No,No Party,28342
LOUISIANA,4,John Fleming,Republican,152683
LOUISIANA,4,Randall Lord,Libertarian,55236
LOUISIANA,5,Ralph Lee Abraham,Republican,2134616
LOUISIANA,5,“Zach” Dasher,Republican,53628
LOUISIANA,5,Vance M. McAllister,Republican,26606
LOUISIANA,5,Clyde C. Holloway,Republican,17877
LOUISIANA,5,Harris Brown,Republican,9890
LOUISIANA,5,“Ed” Tarpley,Republican,4594
LOUISIANA,5,“Jamie” Mayo,Democrat,275006
LOUISIANA,5,Charles Saucier,Libertarian,2201
LOUISIANA,5,Eliot S. Barron,Green,1655
LOUISIANA,6,Garret Graves,Republican,3139209
LOUISIANA,6,Paul Dietzel II,Republican,35024
LOUISIANA,6,Dan Claitor,Republican,26524
LOUISIANA,6,Lenar Whitney,Republican,19151
LOUISIANA,6,Craig McCulloch,Republican,5815
LOUISIANA,6,Robert Lamar “Bob” Bell,Republican,5182
LOUISIANA,6,Norman “Norm” Clark,Republican,1848
LOUISIANA,6,“Trey” Thomas,Republican,1447
LOUISIANA,6,Edwin Edwards,Democrat,383781
LOUISIANA,6,Richard Lieberman,Democrat,7309
LOUISIANA,6,Peter Williams,Democrat,4037
LOUISIANA,6,Rufus Holt Craig Jr.,Libertarian,3561
MAINE,-1,Susan M. Collins,republican,413505
MAINE,-1,Shenna Bellows,democrat,190254
MAINE,-1,,blank,12968
MAINE,-1,,others,269
MAINE,1,Isaac J. Misiuk,Republican,94751
MAINE,1,Chellie Pingree,Democrat,186674
MAINE,1,Richard P. Murphy,Independent,27410
MAINE,1,,Blank,13089
MAINE,1,,Others,63
MAINE,2,Bruce Poliquin,Republican,133320
MAINE,2,Emily Ann Cain,Democrat,118568
MAINE,2,Blaine Richardson,Independent,31337
MAINE,2,,Blank,11536
MAINE,2,,Others,248
MARYLAND,1,Andy Harris,Republican,176342
MARYLAND,1,Bill Tilghman,Democrat,73843
MARYLAND,1,Other Write-ins,Other Write-ins,233
MARYLAND,2,David Banach,Republican,70411
MARYLAND,2,C. A. Dutch Ruppersberger,Democrat,120412
MARYLAND,2,Ian Schlakman,Green,5326
MARYLAND,2,Other Write-ins,Other Write-ins,205
MARYLAND,3,Charles A. Long,Republican,87029
MARYLAND,3,John P. Sarbanes,Democrat,128594
MARYLAND,3,Other Write-ins,Other Write-ins,323
MARYLAND,4,Nancy Hoyt,Republican,54217
MARYLAND,4,Donna F. Edwards,Democrat,134628
MARYLAND,4,Arvin Vohra,Libertarian,2795
MARYLAND,4,Other Write-ins,Other Write-ins,197
MARYLAND,5,Chris Chaffee,Republican,80752
MARYLAND,5,Steny H. Hoyer,Democrat,144725
MARYLAND,5,Write-in (Unaffiliated),Write-in (Unaffiliated),227
MARYLAND,5,Other Write-ins,Other Write-ins,336
MARYLAND,6,Dan Bongino,Republican,91930
MARYLAND,6,John K. Delaney,Democrat,94704
MARYLAND,6,George Gluck,Green,3762
MARYLAND,6,Other Write-ins,Other Write-ins,140
MARYLAND,7,Corrogan R. Vaughn,Republican,55860
MARYLAND,7,Elijah E. Cummings,Democrat,144639
MARYLAND,7,Scott Soffen,Libertarian,6103
MARYLAND,7,Other Write-ins,Other Write-ins,207
MARYLAND,8,Dave Wallace,Republican,87859
MARYLAND,8,Chris Van Hollen,Democrat,136722
MARYLAND,8,Write-in,Write-in,102
MARYLAND,8,Write-in,Write-in,16
MARYLAND,8,Other Write-ins,Other Write-ins,398
MASSACHUSETTS,-1,Brian J. Herr,republican,791950
MASSACHUSETTS,-1,Edward J. Markey,democrat,1289944
MASSACHUSETTS,-1,write-in,write-in,6
MASSACHUSETTS,-1,,blanks,101817
MASSACHUSETTS,-1,All,others,3072
MASSACHUSETTS,1,Richard E. Neal,Democrat,167612
MASSACHUSETTS,1,,Blanks,55965
MASSACHUSETTS,1,All,All Others,3498
MASSACHUSETTS,2,James P. McGovern,Democrat,169640
MASSACHUSETTS,2,,Blanks,63068
MASSACHUSETTS,2,All,All Others,3105
MASSACHUSETTS,3,Roseann L. Ehrhard Wofford,Republican,81638
MASSACHUSETTS,3,Niki Tsongas,Democrat,139104
MASSACHUSETTS,3,,Blanks,9843
MASSACHUSETTS,3,All,All Others,204
MASSACHUSETTS,4,Joseph P. Kennedy III,Democrat,184158
MASSACHUSETTS,4,,Blanks,67199
MASSACHUSETTS,4,All,All Others,3940
MASSACHUSETTS,5,Katherine M. Clark,Democrat,182100
MASSACHUSETTS,5,Write-in,Write-in,1
MASSACHUSETTS,5,,Blanks,71226
MASSACHUSETTS,5,All,All Others,3159
MASSACHUSETTS,6,Richard R. Tisei,Republican,111989
MASSACHUSETTS,6,Seth W. Moulton,Democrat,149638
MASSACHUSETTS,6,Christopher J. Stockwell,Independent,10373
MASSACHUSETTS,6,,Blanks,6700
MASSACHUSETTS,6,All,All Others,219
MASSACHUSETTS,7,Michael E. Capuano,Democrat,142133
MASSACHUSETTS,7,,Blanks,31531
MASSACHUSETTS,7,All,All Others,2413
MASSACHUSETTS,8,Stephen F. Lynch,Democrat,200644
MASSACHUSETTS,8,,Blanks,58430
MASSACHUSETTS,8,All,All Others,2707
MASSACHUSETTS,9,John C. Chapman,Republican,114971
MASSACHUSETTS,9,William R. Keating,Democrat,140413
MASSACHUSETTS,9,,Blanks,9011
MASSACHUSETTS,9,All,All Others,157
MICHIGAN,-1,Terri Lynn Land,republican,1290199
MICHIGAN,-1,Gary C. Peters,democrat,1704936
MICHIGAN,-1,Jim Fulner,libertarian,62897
MICHIGAN,-1,Richard A. Matkin U.S.,taxpayers,37529
MICHIGAN,-1,Chris Wahmhoff,green,26137
MICHIGAN,-1,write-in,write-in,67
MICHIGAN,-1,write-in,write-in,6
MICHIGAN,1,Dan Benishek,Republican,130414
MICHIGAN,1,Jerry Cannon,Democrat,113263
MICHIGAN,1,Loel Robert Gnadt,Libertarian,3823
MICHIGAN,1,Ellis Boal,Green,2631
MICHIGAN,2,Bill Huizenga,Republican,135568
MICHIGAN,2,Dean Vanderstelt,Democrat,70851
MICHIGAN,2,Ronald Welch II,Libertarian,3877
MICHIGAN,2,Ronald E. Graeser U.S.,U.S. Taxpayers,2776
MICHIGAN,3,Justin Amash,Republican,125754
MICHIGAN,3,Bob Goodrich,Democrat,84720
MICHIGAN,3,Tonya Duncan,Green,6691
MICHIGAN,4,John Moolenaar,Republican,123962
MICHIGAN,4,Jeff Holmes,Democrat,85777
MICHIGAN,4,George M. Zimmer U.S.,U.S. Taxpayers,4990
MICHIGAN,4,Will Tyler White,Libertarian,4694
MICHIGAN,5,Allen Hardwick,Republican,69222
MICHIGAN,5,Daniel T. Kildee,Democrat,148182
MICHIGAN,5,Harold H. Jones,Libertarian,4734
MICHIGAN,6,Fred Upton,Republican,116801
MICHIGAN,6,Paul Clements,Democrat,84391
MICHIGAN,6,Erwin J. Haas,Libertarian,5530
MICHIGAN,6,John M. Lawrence,Green,2254
MICHIGAN,7,Tim Walberg,Republican,119564
MICHIGAN,7,Pam Byrnes,Democrat,92083
MICHIGAN,7,Ken Proctor,Libertarian,4531
MICHIGAN,7,David Swartout No Party,No Party Affiliation,4369
MICHIGAN,7,Rick Strawcutter U.S.,U.S. Taxpayers,3138
MICHIGAN,8,Mike Bishop,Republican,132739
MICHIGAN,8,Eric Schertzing,Democrat,102269
MICHIGAN,8,James Weeks II,Libertarian,4557
MICHIGAN,8,Jim Casha,Green,1880
MICHIGAN,8,Jeremy Burgess Natural Law,Natural Law Party,1680
MICHIGAN,9,George Brikho,Republican,81470
MICHIGAN,9,Sander M. Levin,Democrat,136342
MICHIGAN,9,Gregory Creswell,Libertarian,4792
MICHIGAN,9,John V. McDermott,Green,3153
MICHIGAN,10,Candice S. Miller,Republican,157069
MICHIGAN,10,Chuck Stadler,Democrat,67143
MICHIGAN,10,Harley Mikkelson,Green,4480
MICHIGAN,11,Dave Trott,Republican,140435
MICHIGAN,11,Bobby McKenzie,Democrat,101681
MICHIGAN,11,John J. Tatar,Libertarian,7711
MICHIGAN,11,Write-in,Write-in,1411
MICHIGAN,12,Terry Bowman,Republican,64716
MICHIGAN,12,Debbie Dingell,Democrat,134346
MICHIGAN,12,Gary Walkowicz No Party,No Party Affiliation,5039
MICHIGAN,12,Bhagwan Dashairya,Libertarian,2559
MICHIGAN,13,Jeff Gorman,Republican,27234
MICHIGAN,13,John Conyers Jr.,Democrat,132710
MICHIGAN,13,Chris Sharer,Libertarian,3537
MICHIGAN,13,Sam Johnson No Party,No Party Affiliation,3466
MICHIGAN,14,Christina L. Barr,Republican,41801
MICHIGAN,14,Brenda Lawrence,Democrat,165272
MICHIGAN,14,Leonard Schwartz,Libertarian,3366
MICHIGAN,14,Stephen Boyle,Green,1999
MICHIGAN,14,Write-in,Write-in,30
MINNESOTA,-1,Mike McFadden,republican,850227
MINNESOTA,-1,Al Franken,democratic-farmer-labor,1053205
MINNESOTA,-1,Steve Carlson,independence,47530
MINNESOTA,-1,Heather Johnson,libertarian,29685
MINNESOTA,-1,write-in,write-in,881
MINNESOTA,1,Jim Hagedorn,Republican,103536
MINNESOTA,1,Timothy J. Walz,Democratic-Farmer-Labor,122851
MINNESOTA,1,Write-in,Write-in,308
MINNESOTA,2,John Kline,Republican,137778
MINNESOTA,2,Mike Obermueller,Democratic-Farmer-Labor,95565
MINNESOTA,2,Paula Overby,Independence,12319
MINNESOTA,2,Write-in,Write-in,186
MINNESOTA,3,Erik Paulsen,Republican,167515
MINNESOTA,3,Sharon Sund,Democratic-Farmer-Labor,101846
MINNESOTA,3,Write-in,Write-in,224
MINNESOTA,4,Sharna Wahlgren,Republican,79492
MINNESOTA,4,Betty McCollum,Democratic-Farmer-Labor,147857
MINNESOTA,4,Dave Thomas,Independence,14059
MINNESOTA,4,Write-in,Write-in,229
MINNESOTA,5,Doug Daggett,Republican,56577
MINNESOTA,5,Keith Ellison,Democratic-Farmer-Labor,167079
MINNESOTA,5,Lee Bauer,Independence,12001
MINNESOTA,5,Write-in,Write-in,353
MINNESOTA,6,Tom Emmer,Republican,133328
MINNESOTA,6,Joe Perske,Democratic-Farmer-Labor,90926
MINNESOTA,6,John Denney,Independence,12457
MINNESOTA,6,Write-in,Write-in,135
MINNESOTA,7,Torrey Westrom,Republican,109955
MINNESOTA,7,Collin C. Peterson,Democratic-Farmer-Labor,130546
MINNESOTA,7,Write-in,Write-in,334
MINNESOTA,8,Stewart Mills,Republican,125358
MINNESOTA,8,Richard M. Nolan,Democratic-Farmer-Labor,129090
MINNESOTA,8,Ray Skip Sandman,Green,11450
MINNESOTA,8,Write-in,Write-in,185
MISSISSIPPI,-1,Thad Cochran,republican,378481
MISSISSIPPI,-1,Travis W. Childers,democrat,239439
MISSISSIPPI,-1,Shawn O’Hara,reform,13938
MISSISSIPPI,1,Alan Nunnelee,Republican,102622
MISSISSIPPI,1,Ron E. Dickey,Democrat,43713
MISSISSIPPI,1,Danny Bedwell,Libertarian,3830
MISSISSIPPI,1,Lajena Walley,Reform,946
MISSISSIPPI,2,Bennie G. Thompson,Democrat,100688
MISSISSIPPI,2,Troy Ray,Independent,36465
MISSISSIPPI,2,Shelley Shoemake,Reform,11493
MISSISSIPPI,3,Gregg Harper,Republican,117771
MISSISSIPPI,3,Douglas MacArthur “Doug” Magee,Democrat,47744
MISSISSIPPI,3,Roger Gerrard,Independent,3890
MISSISSIPPI,3,Barbara Dale Washer,Reform,1541
MISSISSIPPI,4,Steven M. Palazzo,Republican,108776
MISSISSIPPI,4,Matt Moore,Democrat,37869
MISSISSIPPI,4,Cindy Burleson,Independent,3684
MISSISSIPPI,4,Joey Robinson,Libertarian,3473
MISSISSIPPI,4,Eli “Sarge” Jackson,Reform,917
MISSISSIPPI,4,Ed Reich,Independent,857
MISSOURI,1,Daniel J. Elder,Republican,35273
MISSOURI,1,Wm. Lacy Clay,Democrat,119315
MISSOURI,1,Robb E. Cunningham,Libertarian,8906
MISSOURI,2,Ann Wagner,Republican,148191
MISSOURI,2,Arthur Lieber,Democrat,75384
MISSOURI,2,Bill Slantz,Libertarian,7542
MISSOURI,3,Blaine Luetkemeyer,Republican,130940
MISSOURI,3,Courtney Denton,Democrat,52021
MISSOURI,3,Steven Hedrick,Libertarian,8593
MISSOURI,3,Write-in,Write-in,66
MISSOURI,4,Vicky Hartzler,Republican,120014
MISSOURI,4,Nate Irvin,Democrat,46464
MISSOURI,4,Herschel L. Young,Libertarian,9793
MISSOURI,4,Write-in,Write-in,15
MISSOURI,5,Jacob Turk,Republican,69071
MISSOURI,5,Emanuel Cleaver,Democrat,79256
MISSOURI,5,Roy Welborn,Libertarian,5308
MISSOURI,6,Sam Graves,Republican,124616
MISSOURI,6,W. A. “Bill” Hedge,Democrat,55157
MISSOURI,6,Russ Monchil,Libertarian,7197
MISSOURI,7,Billy Long,Republican,104054
MISSOURI,7,Jim Evans,Democrat,47282
MISSOURI,7,Kevin Craig,Libertarian,12584
MISSOURI,7,Write-in,Write-in,32
MISSOURI,7,Write-in,Write-in,3
MISSOURI,7,Write-in,Write-in,2
MISSOURI,8,Jason T. Smith,Republican,106124
MISSOURI,8,Barbara Stocker,Democrat,38721
MISSOURI,8,Terry Hampton,Independent,6821
MISSOURI,8,Doug Enyart,Constitution,3799
MISSOURI,8,Rick Vandeven,Libertarian,3759
MONTANA,-1,Steve Daines,republican,213709
MONTANA,-1,Amanda Curtis,democrat,148184
MONTANA,-1,Roger Roots,libertarian,7933
MONTANA,0,Ryan Zinke,Republican,203871
MONTANA,0,John Lewis,Democrat,148690
MONTANA,0,Mike Fellows,Libertarian,15402
NEBRASKA,-1,Ben Sasse,republican,347636
NEBRASKA,-1,Dave Domina,democrat,170127
NEBRASKA,-1,Jim Jenkins By,petition,15868
NEBRASKA,-1,Todd F. Watson By,petition,6260
NEBRASKA,-1,,scattering/write-ins,446
NEBRASKA,1,Jeff Fortenberry,Republican,123219
NEBRASKA,1,Dennis P. Crawford,Democrat,55838
NEBRASKA,2,Lee Terry,Republican,78157
NEBRASKA,2,Brad Ashford,Democrat,83872
NEBRASKA,2,Steven Laird,Libertarian,9021
NEBRASKA,2,Scattering/Write-ins,Scattering/Write-ins,459
NEBRASKA,3,Adrian Smith,Republican,139440
NEBRASKA,3,Mark Sullivan,Democrat,45524
NEVADA,1,Annette Teijeiro,Republican,30413
NEVADA,1,Dina Titus,Democrat,45643
NEVADA,1,Richard “Ricardo Carlos” Charles,Libertarian,2617
NEVADA,1,Kamau Bakari Independent,Independent American,1626
NEVADA,2,Mark E. Amodei,Republican,122402
NEVADA,2,Kristen Spees,Democrat,52016
NEVADA,2,Janine Hansen Independent,Independent American,11792
NEVADA,3,Joseph J. Heck,Republican,88528
NEVADA,3,Erin Bilbray,Democrat,52644
NEVADA,3,David Goossen,Independent,1637
NEVADA,3,Randy Kimmick,Libertarian,1566
NEVADA,3,Steven St. John,Independent,1344
NEVADA,4,Cresent Hardy,Republican,63466
NEVADA,4,Steven A. Horsford,Democrat,59844
NEVADA,4,Steve Brown,Libertarian,4119
NEVADA,4,Russell Best Independent,Independent American,3352
NEW HAMPSHIRE,-1,Scott P. Brown,republican,235347
NEW HAMPSHIRE,-1,Jeanne Shaheen,democrat,251184
NEW HAMPSHIRE,-1,,scattering,1628
NEW HAMPSHIRE,1,Frank C. Guinta,Republican,125508
NEW HAMPSHIRE,1,Carol Shea-Porter,Democrat,116769
NEW HAMPSHIRE,1,,Scattering,459
NEW HAMPSHIRE,2,Marilinda Garcia,Republican,106871
NEW HAMPSHIRE,2,Ann M. Kuster,Democrat,130700
NEW HAMPSHIRE,2,,Scattering,613
NEW JERSEY,-1,Jeff Bell,republican,791297
NEW JERSEY,-1,Cory A. Booker,democrat,1043866
NEW JERSEY,-1,Joseph Baratelli,libertarian,16721
NEW JERSEY,-1,Hank Schroeder Economic,growth,5704
NEW JERSEY,-1,Jeff Boss,independent,4513
NEW JERSEY,-1,Eugene Martin LaVergne D-R,party,3890
NEW JERSEY,-1,Antonio N. Sabas,independent,3544
NEW JERSEY,1,Garry W. Cobb,Republican,64073
NEW JERSEY,1,Donald W. Norcross,Democrat,93315
NEW JERSEY,1,Scot John Tomaszewski We Deserve,We Deserve Better,1784
NEW JERSEY,1,Robert Shapiro Stop Boss,Stop Boss Politics,1134
NEW JERSEY,1,Margaret M. Chapman Change Is,Change Is Needed,1103
NEW JERSEY,1,Mike Berman Of The,Of The People,634
NEW JERSEY,1,Donald E. Letton D-R,D-R Party,449
NEW JERSEY,2,Frank A. LoBiondo,Republican,108875
NEW JERSEY,2,William J. Hughes Jr.,Democrat,66026
NEW JERSEY,2,Alexander H. Spano D-R,D-R Party,663
NEW JERSEY,2,Gary Stein,Independent,612
NEW JERSEY,2,Costantino Rozzo American,American Labor,501
NEW JERSEY,2,Bayode Olabisi,Independent,471
NEW JERSEY,3,Tom MacArthur,Republican,100471
NEW JERSEY,3,Aimee Belgard,Democrat,82537
NEW JERSEY,3,Frederick John LaVergne D-R,D-R Party,3095
NEW JERSEY,4,Christopher H. Smith,Republican,118826
NEW JERSEY,4,Ruben M. Scolavino,Democrat,54415
NEW JERSEY,4,Scott Neuman D-R,D-R Party,1608
NEW JERSEY,5,Scott Garrett,Republican,104678
NEW JERSEY,5,Roy Cho,Democrat,81808
NEW JERSEY,5,Mark D. Quick For,For Americans,2435
NEW JERSEY,6,Anthony E. Wilkinson,Republican,46891
NEW JERSEY,6,Frank Pallone Jr.,Democrat,72190
NEW JERSEY,6,Dorit Goikhman,Libertarian,1376
NEW JERSEY,7,Leonard Lance,Republican,104287
NEW JERSEY,7,Janice Kovach,Democrat,68232
NEW JERSEY,7,James Gawron,Libertarian,3478
NEW JERSEY,8,Jude Anthony Tiscornia,Republican,15141
NEW JERSEY,8,Albio Sires,Democrat,61510
NEW JERSEY,8,Herbert H. Shaw Politicians Are,Politicians Are Crooks,1192
NEW JERSEY,8,Pablo Olivera Wake Up,Wake Up USA,1022
NEW JERSEY,8,Truth,911 Truth Needed,653
NEW JERSEY,9,Dierdre G. Paul,Republican,36246
NEW JERSEY,9,Bill Pascrell Jr.,Democrat,82498
NEW JERSEY,9,Nestor Montilla Seeking,Seeking Inclusion,1715
NEW JERSEY,10,Yolanda Dentley,Republican,14154
NEW JERSEY,10,Donald M. Payne Jr.,Democrat,95734
NEW JERSEY,10,Gwendolyn A. Franklin Bullying Breaks,Bullying Breaks Hearts,1237
NEW JERSEY,10,Dark Angel,Future.Vision.,998
NEW JERSEY,11,Rodney P. Frelinghuysen,Republican,109455
NEW JERSEY,11,Mark Dunec,Democrat,65477
NEW JERSEY,12,Alieta Eck,Republican,54168
NEW JERSEY,12,Bonnie Watson Coleman,Democrat,90430
NEW JERSEY,12,Don DeZarn Legalize,Legalize Marijuana,1330
NEW JERSEY,12,Steven Welzer,Green,890
NEW JERSEY,12,Kenneth J. Cody Truth Vision,Truth Vision Hope,567
NEW JERSEY,12,Jack Freudenheim Start The,Start The Conversation,531
NEW JERSEY,12,Allen J. Cannon D-R,D-R Party,450
NEW MEXICO,-1,Allen E. Weh,republican,229097
NEW MEXICO,-1,Tom Udall,democrat,286409
NEW MEXICO,1,Michael H. Frese,Republican,74558
NEW MEXICO,1,Michelle Lujan Grisham,Democrat,105474
NEW MEXICO,2,Stevan Pearce,Republican,95209
NEW MEXICO,2,Roxanne “Rocky” Lara,Democrat,52499
NEW MEXICO,2,Write-in,Write-in,69
NEW MEXICO,3,Jefferson L. Byrd,Republican,70775
NEW MEXICO,3,Ben Ray Luján,Democrat,113249
NEW MEXICO,3,Write-in,Write-in,52
NEW YORK,1,Lee M. Zeldin,Republican,77062
NEW YORK,1,,Conservative,16973
NEW YORK,1,Timothy H. Bishop,Democrat,68387
NEW YORK,1,Working,Working Families,5457
NEW YORK,1,,Independence,4878
NEW YORK,1,,Blank/Void/Scattering,3962
NEW YORK,2,Patricia Maher,Democrat,41814
NEW YORK,2,Peter T. King Republican Tax,Tax Revolt,76659
NEW YORK,2,,Conservative,13789
NEW YORK,2,,Independence,4729
NEW YORK,2,William D. Stevenson,Green,2281
NEW YORK,2,,Blank/Void/Scattering,7345
NEW YORK,3,Grant M. Lally,Republican,63219
NEW YORK,3,Conservative,Libertarian,11050
NEW YORK,3,Steve Israel,Democrat,80393
NEW YORK,3,Working,Working Families,5191
NEW YORK,3,,Independence,4448
NEW YORK,3,,Blank/Void/Scattering,6862
NEW YORK,4,Bruce A. Blakeman,Republican,67811
NEW YORK,4,,Conservative,9879
NEW YORK,4,,Independence,2437
NEW YORK,4,Kathleen M. Rice,Democrat,83772
NEW YORK,4,Working,Working Families,6021
NEW YORK,4,,Blank/Void/Scattering,5385
NEW YORK,5,Gregory W. Meeks,Democrat,75712
NEW YORK,5,,Allen 4 Congress,3870
NEW YORK,5,,Blank/Void/Scattering,14818
NEW YORK,6,Grace Meng,Democrat,49227
NEW YORK,6,Working,Working Families,6141
NEW YORK,6,,Blank/Void/Scattering,21938
NEW YORK,7,Jose Luis Fernandez,Republican,5713
NEW YORK,7,Nydia M. Velázquez,Democrat,47142
NEW YORK,7,Working,Working Families,9451
NEW YORK,7,Allan E. Romaguera,Conservative,1398
NEW YORK,7,,Blank/Void/Scattering,4818
NEW YORK,8,Hakeem S. Jeffries,Democrat,70469
NEW YORK,8,Working,Working Families,6786
NEW YORK,8,Alan Bellone,Conservative,6673
NEW YORK,8,,Blank/Void/Scattering,11185
NEW YORK,9,Yvette D. Clarke,Democrat,70997
NEW YORK,9,Working,Working Families,11662
NEW YORK,9,Daniel J. Cavanagh,Conservative,9727
NEW YORK,9,,Blank/Void/Scattering,9220
NEW YORK,10,Jerrold Nadler,Democrat,73945
NEW YORK,10,Working,Working Families,15135
NEW YORK,10,Ross Brady,Conservative,12042
NEW YORK,10,Michael J. Dilger Flourish Every,Flourish Every Person,554
NEW YORK,10,,Blank/Void/Scattering,11550
NEW YORK,11,Michael G. Grimm,Republican,48291
NEW YORK,11,,Conservative,8251
NEW YORK,11,,Independence,2344
NEW YORK,11,Domenic M. Recchia Jr.,Democrat,41429
NEW YORK,11,Working,Working Families,3815
NEW YORK,11,Henry J. Bardel,Green,2687
NEW YORK,11,,Blank/Void/Scattering,4182
NEW YORK,12,Nicholas S. Di Iorio,Republican,19564
NEW YORK,12,,Conservative,1841
NEW YORK,12,,Independence,1326
NEW YORK,12,Carolyn B. Maloney,Democrat,78440
NEW YORK,12,Working,Working Families,12163
NEW YORK,12,,Blank/Void/Scattering,4086
NEW YORK,13,Charles B. Rangel,Democrat,63437
NEW YORK,13,Working,Working Families,4959
NEW YORK,13,Daniel Vila Rivera,Green,9806
NEW YORK,13,,Blank/Void/Scattering,13632
NEW YORK,14,Joseph Crowley,Democrat,45370
NEW YORK,14,Working,Working Families,4982
NEW YORK,14,Elizabeth Perri,Conservative,6735
NEW YORK,14,,Blank/Void/Scattering,10285
NEW YORK,15,José E. Serrano,Democrat,53128
NEW YORK,15,Working,Working Families,1778
NEW YORK,15,Eduardo Ramirez,Conservative,1047
NEW YORK,15,William Edstrom,Green,568
NEW YORK,15,,Blank/Void/Scattering,4747
NEW YORK,16,Eliot L. Engel,Democrat,90088
NEW YORK,16,Working,Working Families,9570
NEW YORK,16,,Blank/Void/Scattering,38997
NEW YORK,17,Christopher E. Day,Republican,63549
NEW YORK,17,,Conservative,12232
NEW YORK,17,Nita M. Lowey,Democrat,89295
NEW YORK,17,Working,Working Families,8855
NEW YORK,17,,Blank/Void/Scattering,7743
NEW YORK,18,Nan Hayworth,Republican,66523
NEW YORK,18,,Conservative,15714
NEW YORK,18,,Independence,3423
NEW YORK,18,Sean Patrick Maloney,Democrat,76235
NEW YORK,18,Working,Working Families,12758
NEW YORK,18,Scott A. Smith Mr. Smith Goes to,Mr. Smith Goes to Congress,4294
NEW YORK,18,,Blank/Void/Scattering,7768
NEW YORK,19,Christopher P. Gibson,Republican,102118
NEW YORK,19,,Conservative,20420
NEW YORK,19,,Independence,9056
NEW YORK,19,Sean S. Eldridge,Democrat,60533
NEW YORK,19,Working,Working Families,11937
NEW YORK,19,,Blank/Void/Scattering,6287
NEW YORK,20,James M. Fischer,Republican,61820
NEW YORK,20,,Conservative,17284
NEW YORK,20,Paul Tonko,Democrat,103437
NEW YORK,20,Working,Working Families,11285
NEW YORK,20,,Independence,10389
NEW YORK,20,,Blank/Void/Scattering,7750
NEW YORK,21,Elise M. Stefanik,Republican,79615
NEW YORK,21,,Conservative,12207
NEW YORK,21,,Independence,4404
NEW YORK,21,Aaron G. Woolf,Democrat,53140
NEW YORK,21,Working,Working Families,5923
NEW YORK,21,Matthew J. Funiciello,Green,19238
NEW YORK,21,,Blank/Void/Scattering,7031
NEW YORK,22,Richard L. Hanna,Republican,113574
NEW YORK,22,,Independence,16277
NEW YORK,22,,Blank/Void/Scattering,45521
NEW YORK,23,Tom Reed,Republican,94375
NEW YORK,23,,Conservative,13917
NEW YORK,23,,Independence,4838
NEW YORK,23,Martha Robertson,Democrat,60233
NEW YORK,23,Working,Working Families,10009
NEW YORK,23,,Blank/Void/Scattering,7182
NEW YORK,24,John M. Katko,Republican,93881
NEW YORK,24,,Conservative,17768
NEW YORK,24,,Independence,6825
NEW YORK,24,Daniel B. Maffei,Democrat,72631
NEW YORK,24,Working,Working Families,7673
NEW YORK,24,,Blank/Void/Scattering,4639
NEW YORK,25,Mark W. Assini,Republican,75990
NEW YORK,25,,Conservative,19942
NEW YORK,25,Louise McIntosh Slaughter,Democrat,87264
NEW YORK,25,Working,Working Families,9539
NEW YORK,25,,Blank/Void/Scattering,3781
NEW YORK,26,Kathleen A. Weppner,Republican,38477
NEW YORK,26,,Conservative,14432
NEW YORK,26,Brian Higgins,Democrat,100648
NEW YORK,26,Working,Working Families,12562
NEW YORK,26,,Blank/Void/Scattering,7792
NEW YORK,27,Chris Collins,Republican,33
NORTH CAROLINA,-1,Thom Tillis,republican,1423259
NORTH CAROLINA,-1,Kay R. Hagan,democrat,1377651
NORTH CAROLINA,-1,Sean Haugh,libertarian,109100
NORTH CAROLINA,-1,write-in,write-in,621
NORTH CAROLINA,-1,write-in,write-in,201
NORTH CAROLINA,-1,write-in,write-in,142
NORTH CAROLINA,-1,Write-in,(miscellaneous),4307
NORTH CAROLINA,1,Arthur Rich,Republican,55990
NORTH CAROLINA,1,G. K. Butterfield,Democrat,154333
NORTH CAROLINA,2,Renee L. Ellmers,Republican,122128
NORTH CAROLINA,2,Clay Aiken,Democrat,85479
NORTH CAROLINA,3,Walter B. Jones,Republican,139415
NORTH CAROLINA,3,Marshall Adame,Democrat,66182
NORTH CAROLINA,4,Paul Wright,Republican,57416
NORTH CAROLINA,4,David E. Price,Democrat,169946
NORTH CAROLINA,5,Virginia Foxx,Republican,139279
NORTH CAROLINA,5,Joshua “Josh” Brannon,Democrat,88973
NORTH CAROLINA,6,Mark Walker,Republican,147312
NORTH CAROLINA,6,Laura Fjeld,Democrat,103758
NORTH CAROLINA,7,David Rouzer,Republican,134431
NORTH CAROLINA,7,Jonathan Barfield Jr.,Democrat,84054
NORTH CAROLINA,7,J. Wesley Casteen,Libertarian,7850
NORTH CAROLINA,7,Write-in,Write-in,6
NORTH CAROLINA,7,Write-in (Miscellaneous),Write-in (Miscellaneous),163
NORTH CAROLINA,8,Richard Hudson,Republican,121568
NORTH CAROLINA,8,Antonio Blue,Democrat,65854
NORTH CAROLINA,9,Robert Pittenger,Republican,163080
NORTH CAROLINA,9,Write-in,Write-in,2369
NORTH CAROLINA,9,Write-in (Miscellaneous),Write-in (Miscellaneous),8219
NORTH CAROLINA,10,Patrick T. McHenry,Republican,133504
NORTH CAROLINA,10,Tate MacQueen,Democrat,85292
NORTH CAROLINA,11,Mark Meadows,Republican,144682
NORTH CAROLINA,11,Tom Hill,Democrat,85342
NORTH CAROLINA,12,Vince Coakley,Republican,42568
NORTH CAROLINA,12,Alma Adams,Democrat,130096
NORTH CAROLINA,13,George Holding,Republican,153991
NORTH CAROLINA,13,Brenda Cleary,Democrat,114718
NORTH DAKOTA,0,Kevin Cramer,Republican,138100
NORTH DAKOTA,0,George Sinner Democratic-Nonpartisan,Democratic-Nonpartisan League,95678
NORTH DAKOTA,0,Robert J. “Jack” Seaman,Libertarian,14531
NORTH DAKOTA,0,Write-in,Write-in,361
OHIO,1,Steve Chabot,Republican,124779
OHIO,1,Fred Kundrata,Democrat,72604
OHIO,2,Brad R. Wenstrup,Republican,132658
OHIO,2,Marek Tyszkiewicz,Democrat,68453
OHIO,3,John Adams,Republican,51475
OHIO,3,Joyce Beatty,Democrat,91769
OHIO,3,Write-in,Write-in,17
OHIO,4,Jim Jordan,Republican,125907
OHIO,4,Janet Garrett,Democrat,60165
OHIO,5,Robert E. Latta,Republican,134449
OHIO,5,Robert L. Fry,Democrat,58507
OHIO,5,Eric Eberly,Libertarian,9344
OHIO,6,Bill Johnson,Republican,111026
OHIO,6,Jennifer Garrison,Democrat,73561
OHIO,6,Dennis Lambert,Green,6065
OHIO,7,Bob Gibbs,Republican,143959
OHIO,8,John A. Boehner,Republican,126539
OHIO,8,Tom Poetter,Democrat,51534
OHIO,8,James J. Condit Jr.,Constitution,10257
OHIO,9,Richard May,Republican,51704
OHIO,9,Marcy Kaptur,Democrat,108870
OHIO,9,Write-in,Write-in,112
OHIO,9,Write-in,Write-in,29
OHIO,10,Michael R. Turner,Republican,130752
OHIO,10,Robert Klepinger,Democrat,63249
OHIO,10,David A. Harlow,Libertarian,6605
OHIO,11,Mark Zetzer,Republican,35461
OHIO,11,Marcia L. Fudge,Democrat,137105
OHIO,12,Patrick J. Tiberi,Republican,150573
OHIO,12,David Arthur Tibbs,Democrat,61360
OHIO,12,Bob Hart,Green,9148
OHIO,13,Thomas Pekarek,Republican,55233
OHIO,13,Tim Ryan,Democrat,120230
OHIO,13,Write-in,Write-in,86
OHIO,14,David P. Joyce,Republican,135736
OHIO,14,Michael Wager,Democrat,70856
OHIO,14,David Macko,Libertarian,7988
OHIO,15,Steve Stivers,Republican,128496
OHIO,15,Scott Wharton,Democrat,66125
OHIO,16,James B. Renacci,Republican,132176
OHIO,16,Pete Crossland,Democrat,75199
OKLAHOMA,-1,James Lankford,republican,557002
OKLAHOMA,-1,Connie Johnson,democrat,237923
OKLAHOMA,-1,Mark T. Beard,independent,25965
OKLAHOMA,1,Markwayne Mullin,Republican,110925
OKLAHOMA,1,Earl E. Everett,Democrat,38964
OKLAHOMA,1,Jon Douthitt,Independent,8518
OKLAHOMA,2,Frank D. Lucas,Republican,133335
OKLAHOMA,2,Frankie Robbins,Democrat,36270
OKLAHOMA,3,Tom Cole,Republican,117721
OKLAHOMA,3,Bert Smith,Democrat,40998
OKLAHOMA,3,Dennis B. Johnson,Independent,7549
OKLAHOMA,4,Steve Russell,Republican,95632
OKLAHOMA,4,Al McAffrey,Democrat,57790
OKLAHOMA,4,Robert T. Murphy,Independent,2176
OKLAHOMA,4,Tom Boggs,Independent,2065
OKLAHOMA,4,Buddy Ray,Independent,1470
OREGON,-1,Monica Wehby,republican,538847
OREGON,-1,Jeff Merkley,democrat,814537
OREGON,-1,Mike Montchalin,libertarian,44916
OREGON,-1,Christina Jean Lugo Pacific,green,32434
OREGON,-1,James E. Leuenberger,constitution,24212
OREGON,-1,,miscellaneous,6672
OREGON,1,Jason Yates,Republican,96245
OREGON,1,Suzanne Bonamici,Democrat,160038
OREGON,1,James Foster,Libertarian,11213
OREGON,1,Steven C. Reynolds Pacific,Pacific Green,11163
OREGON,1,,Miscellaneous,594
OREGON,2,Greg Walden,Republican,202374
OREGON,2,Aelea Christofferson,Democrat,73785
OREGON,2,Sharon L. Durbin,Libertarian,10491
OREGON,2,,Miscellaneous,775
OREGON,3,James Buchal,Republican,57424
OREGON,3,Earl Blumenauer,Democrat,211748
OREGON,3,Michael Meo Pacific,Pacific Green,12106
OREGON,3,Jeffrey J. Langan,Libertarian,6381
OREGON,3,David Walker,Nonaffiliated,4009
OREGON,3,,Miscellaneous,1089
OREGON,4,Art Robinson,Republican,116534
OREGON,4,Peter A. DeFazio,Democrat,181624
OREGON,4,Mike Beilstein Pacific,Pacific Green,6863
OREGON,4,David L. Chester,Libertarian,4676
OREGON,4,,Miscellaneous,482
OREGON,5,Tootie Smith,Republican,110332
OREGON,5,Kurt Schrader,Democrat,150944
OREGON,5,Marvin Sannes,Independent,7674
OREGON,5,Raymond Baldwin,Constitution,6208
OREGON,5,Daniel K. Souza,Libertarian,5198
OREGON,5,,Miscellaneous,732
PENNSYLVANIA,1,Megan Rath,Republican,27193
PENNSYLVANIA,1,Robert A. Brady,Democrat,131248
PENNSYLVANIA,2,Armond James,Republican,25397
PENNSYLVANIA,2,Chaka Fattah,Democrat,181141
PENNSYLVANIA,3,Mike Kelly,Republican,113859
PENNSYLVANIA,3,Dan Lavallee,Democrat,73931
PENNSYLVANIA,4,Scott Perry,Republican,147090
PENNSYLVANIA,4,Linda Deliah Thompson,Democrat,50250
PENNSYLVANIA,5,Glenn Thompson,Republican,115018
PENNSYLVANIA,5,Kerith Strano Taylor,Democrat,65839
PENNSYLVANIA,6,Ryan Costello,Republican,119643
PENNSYLVANIA,6,Manan Trivedi,Democrat,92901
PENNSYLVANIA,7,Patrick Meehan,Republican,145869
PENNSYLVANIA,7,Mary Ellen Balchunis,Democrat,89256
PENNSYLVANIA,8,Michael G. Fitzpatrick,Republican,137731
PENNSYLVANIA,8,Kevin Strouse,Democrat,84767
PENNSYLVANIA,9,Bill Shuster,Republican,110094
PENNSYLVANIA,9,Alanna Hartzok,Democrat,63223
PENNSYLVANIA,10,Tom Marino,Republican,112851
PENNSYLVANIA,10,Scott F. Brion,Democrat,44737
PENNSYLVANIA,10,Nicholas Troiano,Independent,22734
PENNSYLVANIA,11,Lou Barletta,Republican,122464
PENNSYLVANIA,11,Andy Ostrowski,Democrat,62228
PENNSYLVANIA,12,Keith J. Rothfus,Republican,127993
PENNSYLVANIA,12,Erin McClelland,Democrat,87928
PENNSYLVANIA,13,Carson Dee Adcock,Republican,60549
PENNSYLVANIA,13,Brendan F. Boyle,Democrat,123601
PENNSYLVANIA,14,Michael F. Doyle,Democrat,148351
PENNSYLVANIA,15,Charles W. Dent,Republican,128285
PENNSYLVANIA,16,Joseph R. Pitts,Republican,101722
PENNSYLVANIA,16,Tom Houghton,Democrat,74513
PENNSYLVANIA,17,David J. Moylan,Republican,71371
PENNSYLVANIA,17,Matt Cartwright,Democrat,93680
PENNSYLVANIA,18,Tim Murphy,Republican,166076
RHODE ISLAND,-1,Mark S. Zaccaria,republican,92684
RHODE ISLAND,-1,Jack Reed,democrat,223675
RHODE ISLAND,-1,write-in,write-in,539
RHODE ISLAND,1,Cormick Brendan Lynch,Republican,58877
RHODE ISLAND,1,David N. Cicilline,Democrat,87060
RHODE ISLAND,1,Write-in,Write-in,416
RHODE ISLAND,2,Rhue R. Reis,Republican,63844
RHODE ISLAND,2,James R. Langevin,Democrat,105716
RHODE ISLAND,2,Write-in,Write-in,344
SOUTH CAROLINA,-1,Tim Scott,republican,757215
SOUTH CAROLINA,-1,Joyce Dickerson,democrat,459583
SOUTH CAROLINA,-1,Jill Bossi,american,21652
SOUTH CAROLINA,-1,write-in,write-in,532
SOUTH CAROLINA,1,Mark Sanford,Republican,119392
SOUTH CAROLINA,1,Write-in,Write-in,8423
SOUTH CAROLINA,2,Joe Wilson,Republican,121649
SOUTH CAROLINA,2,Phil Black,Democrat,68719
SOUTH CAROLINA,2,Harold Geddings III,Labor,4158
SOUTH CAROLINA,2,Write-in,Write-in,282
SOUTH CAROLINA,3,Jeff Duncan,Republican,116741
SOUTH CAROLINA,3,Barbara Jo Mullis,Democrat,47181
SOUTH CAROLINA,3,Write-in,Write-in,87
SOUTH CAROLINA,4,Trey Gowdy,Republican,126452
SOUTH CAROLINA,4,Curtis E. McLaughlin,Libertarian,21969
SOUTH CAROLINA,4,Write-in,Write-in,628
SOUTH CAROLINA,5,Mick Mulvaney,Republican,103078
SOUTH CAROLINA,5,Tom Adams,Democrat,66802
SOUTH CAROLINA,5,Working,Working Families,5183
SOUTH CAROLINA,5,Write-in,Write-in,82
SOUTH CAROLINA,6,Anthony Culler,Republican,44311
SOUTH CAROLINA,6,James E. Clyburn,Democrat,125747
SOUTH CAROLINA,6,Kevin R. Umbaugh,Libertarian,3176
SOUTH CAROLINA,6,Write-in,Write-in,198
SOUTH CAROLINA,7,Tom Rice,Republican,102833
SOUTH CAROLINA,7,Gloria Bromell-Tinubu,Democrat,68576
SOUTH CAROLINA,7,Write-in,Write-in,115
SOUTH DAKOTA,-1,Mike Rounds,republican,140741
SOUTH DAKOTA,-1,Rick Weiland,democrat,82456
SOUTH DAKOTA,-1,Larry Pressler,independent,47741
SOUTH DAKOTA,-1,Gordon Howie,independent,8474
SOUTH DAKOTA,0,Kristi L. Noem,Republican,183834
SOUTH DAKOTA,0,Corinna Robinson,Democrat,92485
TENNESSEE,-1,Lamar Alexander,republican,850087
TENNESSEE,-1,Gordon Ball,democrat,437848
TENNESSEE,-1,Joe Wilmoth,constitution,36088
TENNESSEE,-1,Martin Pleasant,green,12570
TENNESSEE,-1,Tom Emerson Jr.,independent,11157
TENNESSEE,-1,Danny Page,independent,7713
TENNESSEE,-1,Rick Tyler,independent,5759
TENNESSEE,-1,Joshua James,independent,5678
TENNESSEE,-1,Bartholomew J. Phillips,independent,2386
TENNESSEE,-1,Edmund L. Gauthier,independent,2314
TENNESSEE,-1,Eric Schechter,independent,1673
TENNESSEE,-1,C. Salekin,independent,787
TENNESSEE,-1,Erin Kent Magee Write-in,(independent),5
TENNESSEE,1,David P. Roe,Republican,115533
TENNESSEE,1,Robert D. Franklin,Independent,9906
TENNESSEE,1,Robert N. Smith,Green,9869
TENNESSEE,1,Michael D. Salyer,Independent,4148
TENNESSEE,1,Write-in (Independent),Write-in (Independent),14
TENNESSEE,2,John J. Duncan Jr.,Republican,120883
TENNESSEE,2,Bob Scott,Democrat,37612
TENNESSEE,2,Casey Adam Gouge,Independent,4223
TENNESSEE,2,Norris Dryer,Green,4033
TENNESSEE,3,Charles J. “Chuck” Fleischmann,Republican,97344
TENNESSEE,3,Mary M. Headrick,Democrat,53983
TENNESSEE,3,Cassandra J. Mitchell,Independent,4770
TENNESSEE,4,Scott DesJarlais,Republican,84815
TENNESSEE,4,Lenda Sherrell,Democrat,51357
TENNESSEE,4,Robert Rankin Doggart,Independent,9246
TENNESSEE,5,Bob Ries,Republican,55078
TENNESSEE,5,Jim Cooper,Democrat,96148
TENNESSEE,5,Paul Deakin,Independent,3050
TENNESSEE,6,Diane Black,Republican,115231
TENNESSEE,6,Amos Scott Powers,Democrat,37232
TENNESSEE,6,Mike Winton,Independent,9634
TENNESSEE,7,Marsha Blackburn,Republican,110534
TENNESSEE,7,Daniel Cramer,Democrat,42280
TENNESSEE,7,Leonard D. Ladner,Independent,5093
TENNESSEE,8,Stephen Lee Fincher,Republican,122255
TENNESSEE,8,Wes Bradley,Democrat,42433
TENNESSEE,8,Mark Rawles,Constitution,4451
TENNESSEE,8,James Hart,Independent,3452
TENNESSEE,8,Write-in (Independent),Write-in (Independent),4
TENNESSEE,9,Charlotte Bergmann,Republican,27173
TENNESSEE,9,Steve Cohen,Democrat,87376
TENNESSEE,9,Floyd Wayne Alberson,Independent,766
TENNESSEE,9,Paul Cook,Independent,752
TENNESSEE,9,Herbert Bass,Independent,483
TEXAS,-1,John Cornyn,republican,2861531
TEXAS,-1,David M. Alameel,democrat,1597387
TEXAS,-1,Rebecca Paddock,libertarian,133751
TEXAS,-1,Emily “Spicybrown” Sanchez,green,54701
TEXAS,-1,write-in,write-in,988
TEXAS,1,Louie Gohmert,Republican,115084
TEXAS,1,Shirley J. McKellar,Democrat,33476
TEXAS,2,Ted Poe,Republican,101936
TEXAS,2,Niko Letsos,Democrat,44462
TEXAS,2,James B. Veasaw,Libertarian,2316
TEXAS,2,Mark Roberts,Green,1312
TEXAS,3,Sam Johnson,Republican,113404
TEXAS,3,Paul Blair,Green,24876
TEXAS,4,John Ratcliffe,Republican,115085
TEXAS,5,Jeb Hensarling,Republican,88998
TEXAS,5,Ken Ashby,Libertarian,15264
TEXAS,6,Joe Barton,Republican,92334
TEXAS,6,David E. Cozad,Democrat,55027
TEXAS,6,Hugh Chauvin,Libertarian,3635
TEXAS,7,John Abney Culberson,Republican,90606
TEXAS,7,James Cargas,Democrat,49478
TEXAS,7,Gerald Fowler,Libertarian,3135
TEXAS,8,Kevin Brady,Republican,125066
TEXAS,8,Ken Petty,Libertarian,14947
TEXAS,9,Al Green,Democrat,78109
TEXAS,9,Johnny Johnson,Libertarian,7894
TEXAS,10,Michael T. McCaul,Republican,109726
TEXAS,10,Tawana Walter-Cadien,Democrat,60243
TEXAS,10,Bill Kelsey,Libertarian,6491
TEXAS,11,K. Michael Conaway,Republican,107939
TEXAS,11,Ryan T. Lange,Libertarian,11635
TEXAS,12,Kay Granger,Republican,113186
TEXAS,12,Mark Greene,Democrat,41757
TEXAS,12,Ed Colliver,Libertarian,3787
TEXAS,13,Randy K. Weber Sr.,Republican,90116
TEXAS,13,Donald G. Brown,Democrat,52545
TEXAS,13,John Wieder,Libertarian,3037
TEXAS,14,Eddie Zamora,Republican,39016
TEXAS,14,Rubén Hinojosa,Democrat,48708
TEXAS,14,Johnny Partain,Libertarian,2460
TEXAS,15,Corey Roen,Republican,21324
TEXAS,15,Beto O’Rourke,Democrat,49338
TEXAS,15,Jaime O. Perez,Libertarian,2443
TEXAS,16,Bill Flores,Republican,85807
TEXAS,16,Nick Haynes,Democrat,43049
TEXAS,16,Shawn Michael Hamilton,Libertarian,4009
TEXAS,17,Sean Seibert,Republican,26249
TEXAS,17,Sheila Jackson Lee,Democrat,76097
TEXAS,17,Vince Duncan,Independent,2362
TEXAS,17,Remington Alessi,Green,1302
TEXAS,18,Randy Neugebauer,Republican,90160
TEXAS,18,Neal Marchbanks,Democrat,21458
TEXAS,18,Richard “Chip” Peterson,Libertarian,5146
TEXAS,18,Write-in,Write-in,54
TEXAS,19,Joaquin Castro,Democrat,66554
TEXAS,19,Jeffrey C. Blunt,Libertarian,21410
TEXAS,20,Lamar Smith,Republican,135660
TEXAS,20,Antonio Diaz,Green,27831
TEXAS,20,Ryan Shields,Libertarian,25505
TEXAS,21,Pete Olson,Republican,100861
TEXAS,21,Frank Briscoe,Democrat,47844
TEXAS,21,Rob Lapham,Libertarian,2861
TEXAS,22,Will Hurd,Republican,57459
TEXAS,22,Pete P. Gallego,Democrat,55037
TEXAS,22,Ruben Corvalan,Libertarian,2933
TEXAS,23,Kenny Marchant,Republican,93712
TEXAS,23,Patrick McGehearty,Democrat,46548
TEXAS,23,Mike Kolls,Libertarian,3813
TEXAS,24,Roger Williams,Republican,107120
TEXAS,24,Marco Montoya,Democrat,64463
TEXAS,24,John Betz,Libertarian,6300
TEXAS,25,Michael C. Burgess,Republican,116944
TEXAS,25,Mark Boler,Libertarian,24526
TEXAS,26,Blake Farenthold,Republican,83342
TEXAS,26,Wesley Reed,Democrat,44152
TEXAS,26,Roxanne Simonson,Libertarian,3553
TEXAS,27,Henry Cuellar,Democrat,62508
TEXAS,27,William Aikens,Libertarian,10153
TEXAS,27,Michael D. Cary,Green,3475
TEXAS,29,Gene Green,Democrat,41321
TEXAS,29,James Stanczak,Libertarian,4822
TEXAS,30,Eddie Bernice Johnson,Democrat,93041
TEXAS,30,Max W. Koch III,Libertarian,7154
TEXAS,30,Eric LeMonte Williams,Independent,5598
TEXAS,31,John R. Carter,Republican,91607
TEXAS,31,Louie Minor,Democrat,45715
TEXAS,31,Scott J. Ballard,Libertarian,5706
TEXAS,32,Pete Sessions,Republican,96495
TEXAS,32,Frank Perez,Democrat,55325
TEXAS,32,Ed Rankin,Libertarian,4276
TEXAS,33,Marc A. Veasey,Democrat,43769
TEXAS,33,Jason Reeves,Libertarian,6823
TEXAS,34,Larry S. Smith,Republican,30811
TEXAS,34,Filemon Vela,Democrat,47503
TEXAS,34,Ryan Rowley,Libertarian,1563
TEXAS,35,Susan Narvaiz,Republican,32040
TEXAS,35,Lloyd Doggett,Democrat,60124
TEXAS,35,Cory W. Bruner,Libertarian,2767
TEXAS,35,Kat Swift,Green,1294
TEXAS,36,Brian Babin,Republican,101663
TEXAS,36,Michael K. Cole,Democrat,29543
TEXAS,36,Rodney Veach,Libertarian,1951
TEXAS,36,Hal J. Ridley Jr.,Green,685
UTAH,1,Rob Bishop,Republican,84231
UTAH,1,Donna McAleer,Democrat,36422
UTAH,1,Craig Bowden,Libertarian,4847
UTAH,1,Dwayne A. Vance Independent,Independent American,4534
UTAH,2,Chris Stewart,Republican,88915
UTAH,2,Luz Robles,Democrat,47585
UTAH,2,Shaun McCausland,Constitution,4509
UTAH,2,Wayne L. Hill Independent,Independent American,3328
UTAH,2,Bill Barron,Unaffiliated,1734
UTAH,2,Write-in,Write-in,117
UTAH,3,Jason Chaffetz,Republican,102952
UTAH,3,Brian Wonnacott,Democrat,32059
UTAH,3,Zack Strong Independent,Independent American,3192
UTAH,3,Stephen P. Tryon,Unaffiliated,2584
UTAH,3,Ben J. Mates,Unaffiliated,1513
UTAH,3,Write-in,Write-in,280
UTAH,4,Mia B. Love,Republican,74936
UTAH,4,Doug Owens,Democrat,67425
UTAH,4,Tim Aalders Independent,Independent American,2032
UTAH,4,Collin Robert Simonsen,Constitution,1424
UTAH,4,Jim L. Vein,Libertarian,1351
VERMONT,0,Mark Donka,Republican,59432
VERMONT,0,Peter Welch,Democrat,123349
VERMONT,0,Cris Ericson,Independent,2750
VERMONT,0,Matthew Andrews Liberty,Liberty Union,2071
VERMONT,0,Jerry Trudell Energy,Energy Independence,2024
VERMONT,0,Randall Meyer,Independent,1685
VERMONT,0,Write-in,Write-in,193
VIRGINIA,-1,Ed W. Gillespie,republican,1055940
VIRGINIA,-1,Mark R. Warner,democrat,1073667
VIRGINIA,-1,Robert C. Sarvis,libertarian,53102
VIRGINIA,-1,write-in,write-in,1764
VIRGINIA,1,Robert J. Wittman,Republican,131861
VIRGINIA,1,Norman G. “Norm” Mosher,Democrat,72059
VIRGINIA,1,Glenda Gail Parker Independent,Independent Green,5097
VIRGINIA,1,Write-in,Write-in,604
VIRGINIA,2,E. Scott Rigell,Republican,101558
VIRGINIA,2,Suzanne D. Patrick,Democrat,71178
VIRGINIA,2,Write-in,Write-in,324
VIRGINIA,3,Robert C. “Bobby” Scott,Democrat,139197
VIRGINIA,3,Write-in,Write-in,8205
VIRGINIA,4,J. Randy Forbes,Republican,120684
VIRGINIA,4,Elliott G. Fausz,Democrat,75270
VIRGINIA,4,Bo C. Brown,Libertarian,4427
VIRGINIA,4,Write-in,Write-in,257
VIRGINIA,5,Robert Hurt,Republican,124735
VIRGINIA,5,W. Lawrence Gaughan,Democrat,73482
VIRGINIA,5,Paul F. Jones,Libertarian,4298
VIRGINIA,5,Kenneth J. Hildebrandt Independent,Independent Green,2209
VIRGINIA,5,Write-in,Write-in,221
VIRGINIA,6,Bob Goodlatte,Republican,133898
VIRGINIA,6,William M. “Will” Hammer,Libertarian,22161
VIRGINIA,6,Elaine B. Hildebrandt Independent,Independent Green,21447
VIRGINIA,6,Write-in,Write-in,2202
VIRGINIA,7,David A. Brat,Republican,148026
VIRGINIA,7,John K. “Jack” Trammell,Democrat,89914
VIRGINIA,7,James A. Carr Jr.,Libertarian,5086
VIRGINIA,7,Write-in,Write-in,325
VIRGINIA,8,Micah K. Edmond,Republican,63810
VIRGINIA,8,Donald S. Beyer Jr.,Democrat,128102
VIRGINIA,8,Gwendolyn J. Beck,Independent,5420
VIRGINIA,8,Jeffrey S. Carson,Libertarian,4409
VIRGINIA,8,Gerard C. “Gerry” Blais III Independent,Independent Green,963
VIRGINIA,8,Write-in,Write-in,372
VIRGINIA,9,H. Morgan Griffith,Republican,117465
VIRGINIA,9,William R. Carr Jr.,Independent,39412
VIRGINIA,9,Write-in,Write-in,5938
VIRGINIA,10,Barbara J. Comstock,Republican,125914
VIRGINIA,10,John W. Foust,Democrat,89957
VIRGINIA,10,William B. Redpath,Libertarian,3393
VIRGINIA,10,Brad A. Eickholt,Independent,2442
VIRGINIA,10,Dianne L. Blais Independent,Independent Green,946
VIRGINIA,10,Write-in,Write-in,258
VIRGINIA,11,Suzanne K. Scholte,Republican,75796
VIRGINIA,11,Gerald E. Connolly,Democrat,106780
VIRGINIA,11,Marc M. Harrold,Libertarian,3264
VIRGINIA,11,Joe F. Galdo,Green,1739
VIRGINIA,11,Write-in,Write-in,226
WASHINGTON,1,Pedro Celis,Republican,101428
WASHINGTON,1,Suzan K. DelBene,Democrat,124151
WASHINGTON,2,B. J. Guillot,Republican,79518
WASHINGTON,2,Rick Larsen,Democrat,122173
WASHINGTON,3,Jaime Herrera Beutler,Republican,124796
WASHINGTON,3,Bob Dingethal,Democrat,78018
WASHINGTON,4,Dan Newhouse,Republican,77772
WASHINGTON,4,Clint Didier,Republican,75307
WASHINGTON,5,Cathy McMorris Rodgers,Republican,135470
WASHINGTON,5,Joseph “Joe” Pakootas,Democrat,87772
WASHINGTON,6,Marty McClendon,Republican,83025
WASHINGTON,6,Derek Kilmer,Democrat,141265
WASHINGTON,7,Craig Keller,Republican,47921
WASHINGTON,7,Jim McDermott,Democrat,203954
WASHINGTON,8,David G. Reichert,Republican,125741
WASHINGTON,8,Jason Ritchie,Democrat,73003
WASHINGTON,9,Doug Basler,Republican,48662
WASHINGTON,9,Adam Smith,Democrat,118132
WASHINGTON,10,Joyce McDonald,Republican,82213
WASHINGTON,10,Denny Heck,Democrat,99279
WEST VIRGINIA,-1,Shelley Moore Capito,republican,281820
WEST VIRGINIA,-1,Natalie Tennant,democrat,156360
WEST VIRGINIA,-1,John S. Buckley,libertarian,7409
WEST VIRGINIA,-1,Bob Henry Baber,mountain,5504
WEST VIRGINIA,-1,Phil Hudok,constitution,2566
WEST VIRGINIA,-1,write-in,write-in,10
WEST VIRGINIA,-1,write-in,write-in,8
WEST VIRGINIA,-1,write-in,write-in,7
WEST VIRGINIA,-1,write-in,write-in,5
WEST VIRGINIA,1,David B. McKinley,Republican,92491
WEST VIRGINIA,1,Glen B. Gainer III,Democrat,52109
WEST VIRGINIA,1,Write-in,Write-in,137
WEST VIRGINIA,2,Alex X. Mooney,Republican,72619
WEST VIRGINIA,2,Nick Casey,Democrat,67687
WEST VIRGINIA,2,Davy Jones,Libertarian,7682
WEST VIRGINIA,2,Ed Rabel,Independent,6250
WEST VIRGINIA,2,Write-in,Write-in,9
WEST VIRGINIA,2,Write-in,Write-in,3
WEST VIRGINIA,3,Evan Jenkins,Republican,77713
WEST VIRGINIA,3,Nick J. Rahall II,Democrat,62688
WISCONSIN,1,Paul Ryan,Republican,182316
WISCONSIN,1,Rob Zerban,Democrat,105552
WISCONSIN,1,Write-in (Independent),Write-in (Independent),29
WISCONSIN,1,,Scattering,273
WISCONSIN,2,Peter Theron,Republican,103619
WISCONSIN,2,Mark Pocan,Democrat,224920
WISCONSIN,2,,Scattering,308
WISCONSIN,3,Tony Kurtz,Republican,119540
WISCONSIN,3,Ron Kind,Democrat,155368
WISCONSIN,3,Write-in (Independent),Write-in (Independent),128
WISCONSIN,3,,Scattering,125
WISCONSIN,4,Dan Sebring,Republican,68490
WISCONSIN,4,Gwen Moore,Democrat,179045
WISCONSIN,4,Robert R. Raymond,Independent,7002
WISCONSIN,4,,Scattering,355
WISCONSIN,5,F. James Sensenbrenner Jr.,Republican,231160
WISCONSIN,5,Chris Rockwood,Democrat,101190
WISCONSIN,5,,Scattering,476
WISCONSIN,6,Glenn Grothman,Republican,169767
WISCONSIN,6,Mark L. Harris,Democrat,122212
WISCONSIN,6,Gus Fahrendorf,Libertarian,6865
WISCONSIN,6,,Scattering,189
WISCONSIN,7,Sean P. Duffy,Republican,169891
WISCONSIN,7,Kelly Westlund,Democrat,112949
WISCONSIN,7,Lawrence Dale,Green,3686
WISCONSIN,7,Write-in (Independent),Write-in (Independent),30
WISCONSIN,7,Write-in (Republican),Write-in (Republican),5
WISCONSIN,7,,Scattering,42
WISCONSIN,8,Reid J. Ribble,Republican,188553
WISCONSIN,8,Ron Gruett,Democrat,101345
WISCONSIN,8,,Scattering,150
WYOMING,-1,Michael B. Enzi,republican,121554
WYOMING,-1,Charlie Hardy,democrat,29377
WYOMING,-1,Curt Gottshall,independent,13311
WYOMING,-1,Joseph S. Porambo,libertarian,3677
WYOMING,-1,Under,votes,2633
WYOMING,-1,write-in,write-in,471
WYOMING,-1,Over,votes,130
WYOMING,0,Cynthia M. Lummis,Republican,113038
WYOMING,0,Richard Grayson,Democrat,37803
WYOMING,0,Richard Brubaker,Libertarian,7112
WYOMING,0,Daniel Clyde Cummings,Constitution,6749
WYOMING,0,Under,Under Votes,5683
WYOMING,0,Write-in,Write-in,398
WYOMING,0,Over,Over Votes,370
